{
  "project_info": {
    "project_number": "462779153834",
    "project_id": "proyectojamsmarket",
    "storage_bucket": "proyectojamsmarket.firebasestorage.app"
  },
  "client": [
    {
      "client_info": {
        "mobilesdk_app_id": "1:462779153834:android:d6502ba345db162d757fd3",
        "android_client_info": {
          "package_name": "com.example.jamsstore"
        }
      },
      "oauth_client": [],
      "api_key": [
        {
          "current_key": "AIzaSyC2fCMclReR8iKRJ2PQ186F6xjncjYslEU"
        }
      ],
      "services": {
        "appinvite_service": {
          "other_platform_oauth_client": []
        }
      }
    }
  ],
  "configuration_version": "1"
}